 latitude  |  longitude  |       speed        
-----------+-------------+--------------------
 45.594527 | -122.505092 |              8.948
  45.61338 | -122.585612 |             26.844
  45.61395 |   -122.5856 |             26.844
 45.614518 | -122.585593 |             26.844
 45.615102 | -122.585583 |             26.844
 45.615617 |  -122.58558 |             24.607
 45.616038 | -122.585622 | 20.133000000000003
 45.616253 | -122.585628 |              8.948
 45.616253 | -122.585628 |                  0
 45.616253 | -122.585628 |                  0
 45.616283 | -122.585628 |              2.237
 45.616483 |  -122.58567 |              8.948
 45.616627 | -122.585973 |             11.185
 45.616733 |  -122.58656 | 20.133000000000003
   45.6169 | -122.587425 |             31.318
 45.617087 | -122.588375 |             33.555
 45.617277 | -122.589347 |             33.555
 45.617457 | -122.590248 |             31.318
 45.617618 | -122.591093 | 29.081000000000003
  45.61782 | -122.592112 |             35.792
 45.618025 | -122.593162 |             35.792
 45.618228 | -122.594198 |             35.792
  45.61843 | -122.595208 |             35.792
 45.618702 | -122.596192 |             35.792
  45.61902 | -122.597213 |             38.029
  45.61933 | -122.598223 |             38.029
 45.619632 | -122.599215 |             35.792
 45.619925 | -122.600193 |             35.792
   45.6202 | -122.601063 |             31.318
 45.620423 |   -122.6017 |              22.37
   45.6205 | -122.601963 |              6.711
 45.620538 | -122.602065 |              4.474
 45.620738 |  -122.60213 |              8.948
 45.621187 | -122.602118 |              22.37
 45.621843 | -122.602117 |             31.318
 45.622512 | -122.601913 |             33.555
 45.623147 |  -122.60164 |             31.318
  45.62384 | -122.601597 |             33.555
 45.624515 | -122.601598 |             31.318
 45.625162 | -122.601598 |             31.318
 45.625697 | -122.601598 |             24.607
 45.626153 | -122.601602 |             17.896
 45.626338 | -122.601602 |              6.711
 45.626357 | -122.601605 |                  0
 45.626493 | -122.601603 |              6.711
 45.626868 | -122.601595 |             17.896
 45.627372 | -122.601613 |             24.607
 45.627985 |  -122.60166 | 29.081000000000003
 45.628635 | -122.601627 |             31.318
 45.629332 | -122.601562 |             33.555
 45.630038 |  -122.60149 |             33.555
 45.630758 |  -122.60141 |             35.792
  45.63146 | -122.601268 |             33.555
 45.632115 | -122.601058 |             31.318
 45.594435 | -122.504877 |              6.711
 45.632805 | -122.600727 |             35.792
 45.633458 | -122.600363 |             33.555
 45.634082 | -122.600132 |             31.318
 45.634773 | -122.600043 |             33.555
 45.635472 |  -122.60006 |             33.555
 45.636025 | -122.600113 |             24.607
   45.6364 | -122.600132 |             15.659
 45.594337 | -122.504678 |              6.711
  45.63653 | -122.600127 |              4.474
 45.594238 | -122.504402 |              8.948
 45.594138 | -122.504145 |              8.948
   45.5939 |  -122.50408 |             11.185
 45.593575 | -122.504083 |             15.659
 45.593148 | -122.504122 | 20.133000000000003
 45.592725 |  -122.50446 |              22.37
 45.592527 | -122.505202 |             26.844
 45.592672 | -122.506107 |             31.318
 45.592873 | -122.506988 |             31.318
 45.593075 | -122.507903 | 40.266000000000005
 45.593315 |  -122.50895 |             31.318
 45.593603 | -122.510077 |             51.451
 45.593902 | -122.511293 |              44.74
  45.59421 | -122.512508 |             42.503
 45.594505 | -122.513673 |             42.503
  45.59481 | -122.514865 |             42.503
 45.595142 | -122.516095 |              44.74
 45.595477 |  -122.51733 |              44.74
 45.595823 | -122.518605 | 46.977000000000004
 45.596175 | -122.519895 | 46.977000000000004
 45.596548 | -122.521262 |             49.214
 45.596928 | -122.522657 |             51.451
 45.597318 | -122.524102 |             53.688
 45.597675 | -122.525547 |             51.451
 45.598017 | -122.526985 |             51.451
 45.598367 |  -122.52844 |             51.451
 45.598717 | -122.529907 |             53.688
 45.599072 | -122.531397 |             53.688
 45.599427 | -122.532883 |             53.688
  45.59979 | -122.534407 | 55.925000000000004
 45.600157 | -122.535952 | 55.925000000000004
 45.600527 | -122.537515 | 55.925000000000004
 45.600895 | -122.539048 | 55.925000000000004
 45.601255 | -122.540552 |             53.688
 45.601618 | -122.542088 | 55.925000000000004
 45.601972 | -122.543698 | 58.162000000000006
 45.602363 | -122.545355 |             60.399
 45.602762 | -122.547035 |             60.399
 45.603163 |  -122.54871 |             60.399
 45.603558 | -122.550377 |             60.399
 45.603955 | -122.552035 |             60.399
  45.60436 | -122.553713 |             60.399
 45.604783 | -122.555382 |             60.399
  45.60519 | -122.557047 |             60.399
 45.605555 | -122.558672 | 58.162000000000006
 45.605892 |  -122.56025 | 55.925000000000004
 45.606227 | -122.561798 | 55.925000000000004
 45.606565 | -122.563385 | 55.925000000000004
 45.606902 | -122.564967 | 55.925000000000004
 45.607238 | -122.566562 | 55.925000000000004
 45.607577 | -122.568133 | 55.925000000000004
  45.60791 | -122.569697 | 55.925000000000004
 45.608257 | -122.571317 | 58.162000000000006
 45.608608 | -122.572972 | 58.162000000000006
 45.608958 | -122.574613 | 58.162000000000006
 45.609305 |  -122.57628 |             60.399
 45.609648 |  -122.57794 | 58.162000000000006
  45.60997 | -122.579502 | 55.925000000000004
 45.610283 |  -122.58103 |             53.688
  45.61061 | -122.582535 |             53.688
 45.610997 | -122.583817 |              44.74
  45.61143 | -122.584647 |             33.555
 45.611685 | -122.585193 |             17.896
 45.611735 |   -122.5855 |              8.948
 45.611735 | -122.585517 |                  0
 45.611735 | -122.585517 |                  0
 45.611735 | -122.585527 |              4.474
  45.61187 | -122.585672 |              6.711
 45.612272 | -122.585645 | 20.133000000000003
  45.61281 | -122.585622 |             26.844
  45.59141 | -122.505253 |             35.792
 45.558482 | -122.563907 |              2.237
 45.558347 | -122.564252 |             13.422
 45.558158 | -122.564737 |             17.896
 45.558055 | -122.565108 |             13.422
 45.558183 | -122.565298 |              8.948
 45.558388 | -122.565102 |             11.185
 45.558588 | -122.564802 |             13.422
 45.558712 | -122.564588 |              6.711
 45.558732 | -122.564557 |                  0
 45.558725 | -122.564223 |              4.474
 45.558667 | -122.564198 |              2.237
 45.558647 |  -122.56419 |                  0
  45.55862 | -122.564173 |                  0
 45.558457 | -122.564042 |              8.948
 45.558413 |  -122.56368 |             11.185
 45.558627 | -122.563157 |              22.37
 45.558873 | -122.562532 |              22.37
 45.559077 | -122.562022 |             17.896
 45.559327 |  -122.56173 |             13.422
 45.559513 | -122.561573 |              8.948
 45.559577 | -122.561513 |              2.237
 45.559578 | -122.561508 |                  0
 45.559578 | -122.561508 |                  0
 45.559578 | -122.561508 |                  0
 45.559582 | -122.561498 |                  0
 45.559688 | -122.561393 |              6.711
 45.560008 | -122.561102 |             17.896
  45.56053 | -122.560905 |             26.844
 45.561265 | -122.560895 |             35.792
   45.5621 | -122.560703 |             38.029
 45.562833 | -122.560038 |             42.503
 45.563522 | -122.559205 |             42.503
 45.564238 | -122.558323 |              44.74
 45.564968 |  -122.55737 | 46.977000000000004
 45.565723 | -122.556367 |             49.214
 45.566503 | -122.555338 |             51.451
 45.567287 | -122.554302 |             51.451
  45.56808 | -122.553258 |             51.451
 45.568882 | -122.552197 |             53.688
  45.56968 | -122.551148 |             53.688
 45.570478 | -122.550108 |             51.451
  45.57129 | -122.549103 |             51.451
 45.572142 | -122.548135 |             53.688
 45.573057 | -122.547217 |             53.688
 45.574033 |  -122.54638 | 55.925000000000004
 45.575072 | -122.545632 | 55.925000000000004
 45.576177 | -122.544965 | 58.162000000000006
 45.577332 |  -122.54438 |             60.399
 45.578505 | -122.543948 | 58.162000000000006
 45.579687 |  -122.54365 | 58.162000000000006
 45.580875 | -122.543485 | 58.162000000000006
 45.582068 | -122.543448 | 58.162000000000006
 45.583257 | -122.543537 | 58.162000000000006
 45.584425 | -122.543752 | 58.162000000000006
 45.585587 |  -122.54409 | 58.162000000000006
 45.586727 | -122.544553 | 58.162000000000006
 45.587832 | -122.545123 | 55.925000000000004
 45.588907 |  -122.54576 | 55.925000000000004
 45.589968 | -122.546417 | 55.925000000000004
 45.591023 |  -122.54707 | 55.925000000000004
 45.592068 |  -122.54771 | 55.925000000000004
 45.593118 | -122.548293 | 55.925000000000004
 45.594172 | -122.548823 |             53.688
 45.595222 | -122.549283 |             53.688
 45.596267 | -122.549688 |             53.688
 45.597312 | -122.550047 |             51.451
 45.598375 | -122.550348 |             53.688
  45.59945 |   -122.5506 |             53.688
 45.600523 | -122.550798 |             51.451
 45.601588 | -122.550965 |             51.451
 45.602623 | -122.551117 |             49.214
  45.60358 |  -122.55122 | 46.977000000000004
 45.604425 | -122.551307 | 40.266000000000005
  45.60515 | -122.551328 |             33.555
 45.605608 | -122.550763 |             31.318
  45.60545 | -122.549893 |             31.318
 45.604803 | -122.549275 |             38.029
 45.603977 | -122.548893 |             42.503
 45.603145 | -122.548592 | 40.266000000000005
 45.602442 | -122.547938 | 40.266000000000005
 45.602118 | -122.546747 |              44.74
   45.6018 | -122.543713 |             51.451
 45.601452 | -122.542143 | 55.925000000000004
 45.601092 | -122.540537 | 58.162000000000006
 45.600738 | -122.538945 | 55.925000000000004
 45.600365 | -122.537395 | 55.925000000000004
 45.599995 |  -122.53586 | 55.925000000000004
 45.599632 | -122.534338 | 55.925000000000004
 45.599265 | -122.532815 |             53.688
   45.5989 | -122.531287 | 55.925000000000004
 45.598532 |  -122.52974 | 55.925000000000004
 45.598155 | -122.528163 | 55.925000000000004
  45.59778 | -122.526597 | 55.925000000000004
 45.597408 | -122.525043 | 55.925000000000004
 45.597017 | -122.523515 | 55.925000000000004
 45.596603 |  -122.52201 | 55.925000000000004
 45.596195 |  -122.52051 |             53.688
 45.595785 | -122.519008 | 55.925000000000004
 45.595377 |  -122.51751 |             53.688
 45.594882 | -122.515707 | 55.925000000000004
  45.59447 | -122.514203 | 55.925000000000004
 45.594058 |   -122.5127 |             53.688
 45.593635 | -122.511228 |             53.688
 45.593192 |   -122.5098 |             53.688
 45.592765 |  -122.50844 |             49.214
 45.592353 | -122.507205 | 46.977000000000004
 45.591853 | -122.506148 |             42.503
 45.599188 | -122.532468 | 55.925000000000004
 45.598807 | -122.530872 | 58.162000000000006
 45.598422 | -122.529255 | 58.162000000000006
 45.598038 | -122.527653 | 58.162000000000006
 45.597662 | -122.526068 | 58.162000000000006
 45.597285 | -122.524515 | 55.925000000000004
  45.59689 | -122.523013 |             53.688
  45.59648 | -122.521537 |             53.688
 45.596083 | -122.520077 |             53.688
 45.595687 | -122.518633 |             53.688
 45.595298 |  -122.51721 |             51.451
 45.594932 | -122.515878 |             49.214
 45.594557 | -122.514508 |             49.214
  45.59416 |  -122.51307 |             53.688
 45.593757 | -122.511627 |             51.451
  45.59332 | -122.510223 |             51.451
 45.592895 | -122.508868 |             49.214
 45.592498 | -122.507608 | 46.977000000000004
 45.592033 | -122.506522 |             42.503
  45.59155 |  -122.50555 | 40.266000000000005
 45.591235 | -122.504808 | 29.081000000000003
 45.591145 | -122.504303 |             15.659
 45.591143 | -122.504105 |              4.474
 45.591187 | -122.503912 |                  0
  45.59145 | -122.503782 |             13.422
 45.591738 | -122.503837 |             13.422
 45.591938 | -122.503863 |              8.948
 45.592267 | -122.503853 |             15.659
 45.592707 | -122.503848 | 20.133000000000003
  45.59321 | -122.503852 |             24.607
 45.593697 | -122.503882 |              22.37
 45.594033 | -122.503907 |             15.659
 45.594127 | -122.503905 |              2.237
 45.594193 |  -122.50392 |              2.237
 45.594278 |  -122.50419 |              8.948
 45.594183 | -122.504533 |             11.185
 45.594135 | -122.504852 |              8.948
 45.594227 |  -122.50514 |              8.948
 45.594347 | -122.505423 |             11.185
 45.594475 | -122.505717 |             11.185
   45.5946 |  -122.50602 |             11.185
 45.594775 | -122.506227 |              8.948
  45.59493 | -122.506058 |              8.948
 45.594838 | -122.505782 |             11.185
 45.594687 | -122.505507 |             11.185
 45.594528 | -122.505247 |              8.948
 45.594367 | -122.504815 |              6.711
 45.594293 | -122.504622 |              6.711
 45.594215 |  -122.50428 |             11.185
 45.593995 | -122.504095 |             13.422
 45.593552 | -122.504105 |              22.37
  45.59298 | -122.504232 | 29.081000000000003
  45.59257 | -122.504932 |             31.318
 45.592652 | -122.505935 |             35.792
 45.592888 | -122.507025 | 40.266000000000005
 45.593142 |  -122.50826 |              44.74
  45.59347 |  -122.50961 |             49.214
 45.593827 | -122.511027 | 46.977000000000004
 45.594183 | -122.512442 | 55.925000000000004
 45.594545 | -122.513833 |             49.214
 45.594913 | -122.515205 |              44.74
 45.595285 | -122.516573 |             49.214
  45.59567 | -122.517978 |             51.451
 45.596073 | -122.519463 |             53.688
  45.59649 | -122.521007 | 55.925000000000004
 45.596918 | -122.522572 | 58.162000000000006
 45.597335 |  -122.52412 | 55.925000000000004
 45.597712 |  -122.52566 | 55.925000000000004
  45.59807 | -122.527192 | 55.925000000000004
 45.598437 |  -122.52873 | 55.925000000000004
 45.598813 |  -122.53031 | 55.925000000000004
 45.599193 | -122.531908 | 58.162000000000006
 45.599572 | -122.533492 | 55.925000000000004
 45.599947 | -122.535053 | 55.925000000000004
 45.600318 | -122.536628 | 55.925000000000004
  45.60069 | -122.538197 | 55.925000000000004
  45.60106 | -122.539747 | 55.925000000000004
  45.60146 |  -122.54127 | 55.925000000000004
 45.601867 | -122.542778 | 55.925000000000004
 45.602265 | -122.544272 |             53.688
 45.602625 | -122.545762 |             53.688
 45.602972 | -122.547233 |             53.688
 45.603317 | -122.548678 |             51.451
 45.603653 | -122.550087 |             51.451
  45.60399 | -122.551488 |             51.451
 45.604337 | -122.552807 | 46.977000000000004
 45.604685 | -122.553828 |             38.029
 45.605315 | -122.554187 |             33.555
 45.605838 | -122.553638 |             31.318
 45.605767 | -122.552712 |             33.555
 45.605152 | -122.552232 |             35.792
 45.604363 | -122.551958 | 40.266000000000005
  45.60345 | -122.551752 |              44.74
 45.602428 | -122.551538 |             49.214
 45.601327 | -122.551327 |             53.688
  45.60019 | -122.551132 | 55.925000000000004
 45.599075 | -122.550913 |             53.688
  45.59799 | -122.550638 |             53.688
 45.596937 | -122.550322 |             51.451
 45.595902 | -122.549952 |             51.451
 45.594857 |  -122.54953 |             53.688
   45.5938 | -122.549043 |             53.688
 45.592733 | -122.548492 | 55.925000000000004
  45.59166 |  -122.54788 | 55.925000000000004
 45.590573 | -122.547208 | 58.162000000000006
 45.589488 | -122.546538 | 55.925000000000004
 45.588408 | -122.545878 | 58.162000000000006
 45.578697 | -122.543893 | 58.162000000000006
 45.579863 | -122.543622 | 55.925000000000004
 45.581035 | -122.543482 | 58.162000000000006
 45.582205 | -122.543465 | 55.925000000000004
 45.583372 | -122.543565 | 55.925000000000004
  45.58454 | -122.543783 | 58.162000000000006
 45.585657 | -122.544123 | 55.925000000000004
 45.586733 | -122.544563 |             53.688
 45.587768 | -122.545093 |             53.688
 45.588773 | -122.545683 |             53.688
 45.589773 | -122.546288 |             53.688
 45.590767 | -122.546892 |             51.451
 45.591748 | -122.547493 |             51.451
 45.592733 | -122.548065 |             51.451
 45.593733 | -122.548593 |             51.451
 45.594745 | -122.549072 |             51.451
 45.595768 |  -122.54949 |             51.451
 45.596795 | -122.549867 |             51.451
  45.59782 | -122.550185 |             51.451
 45.598833 | -122.550453 |             49.214
 45.599848 |  -122.55067 |             49.214
 45.600907 |  -122.55085 |             51.451
 45.601975 | -122.551017 |             51.451
 45.603017 | -122.551152 |             51.451
  45.60397 | -122.551242 |              44.74
 45.604783 |  -122.55133 |             38.029
 45.605432 | -122.551123 |             31.318
 45.605612 |   -122.5503 |             31.318
 45.605158 | -122.549553 |             35.792
 45.604392 | -122.549042 |             42.503
 45.603495 | -122.548707 |              44.74
  45.60265 | -122.548223 |             42.503
 45.602192 |  -122.54731 |             38.029
 45.602067 |  -122.54616 |             35.792
 45.601953 | -122.544893 |             42.503
 45.601757 | -122.543573 |              44.74
 45.601485 | -122.542298 |              44.74
 45.601192 | -122.540935 |             49.214
 45.600868 | -122.539507 |             51.451
 45.600518 | -122.538045 |             53.688
  45.60016 | -122.536558 |             53.688
 45.599802 | -122.535072 |             53.688
 45.599447 | -122.533583 |             53.688
 45.599085 | -122.532085 |             53.688
 45.598728 | -122.530583 |             53.688
 45.598373 | -122.529088 |             53.688
 45.598017 | -122.527598 |             53.688
 45.597658 | -122.526097 |             53.688
 45.597297 | -122.524595 |             53.688
 45.596903 | -122.523113 |             53.688
 45.596498 | -122.521642 |             53.688
 45.596097 | -122.520175 |             53.688
 45.595698 | -122.518713 |             53.688
 45.595302 | -122.517253 |             53.688
 45.594897 | -122.515782 |             53.688
 45.594493 |   -122.5143 |             53.688
  45.59409 | -122.512818 |             53.688
  45.59368 | -122.511395 |             51.451
 45.593258 |  -122.51002 |             51.451
 45.592845 | -122.508713 |             49.214
 45.592467 | -122.507522 |              44.74
 45.592022 | -122.506493 | 40.266000000000005
 45.591543 | -122.505523 | 40.266000000000005
 45.591197 | -122.504627 |             33.555
 45.591158 | -122.503985 | 20.133000000000003
 45.591365 | -122.503747 |             13.422
 45.591753 |   -122.5038 | 20.133000000000003
  45.59226 | -122.503808 |             24.607
 45.592798 | -122.503813 |             24.607
 45.593333 | -122.503825 |             24.607
 45.593805 | -122.503875 |              22.37
 45.594093 | -122.503882 |             11.185
  45.59414 | -122.503888 |              2.237
  45.59414 | -122.503888 |                  0
  45.59414 | -122.503888 |                  0
  45.59415 | -122.503888 |              2.237
 45.594277 |  -122.50402 |              6.711
 45.594245 | -122.504363 |             11.185
 45.594143 | -122.504685 |             11.185
 45.594192 |  -122.50502 |             11.185
 45.594308 | -122.505312 |             11.185
 45.594428 | -122.505613 |             11.185
 45.594547 | -122.505912 |             11.185
 45.594692 | -122.506175 |             11.185
 45.594898 | -122.506137 |              8.948
  45.59488 | -122.505865 |              8.948
 45.594732 |  -122.50561 |             11.185
 45.594568 | -122.505355 |             11.185
 45.594483 | -122.505212 |              4.474
 45.594425 | -122.504937 |              6.711
 45.594297 | -122.504663 |             11.185
 45.594185 |  -122.50431 |             11.185
 45.594007 |  -122.50411 |             11.185
  45.59363 |   -122.5041 | 20.133000000000003
 45.593115 | -122.504138 |             24.607
 45.592632 | -122.504633 | 29.081000000000003
 45.592557 | -122.505588 |             33.555
  45.59279 | -122.506647 |             38.029
  45.59306 | -122.507828 |             42.503
  45.59336 | -122.509143 | 46.977000000000004
 45.593712 |  -122.51056 |             51.451
 45.594072 |  -122.51201 |             53.688
 45.594452 |   -122.5135 |             53.688
  45.59485 | -122.515033 | 55.925000000000004
 45.595267 | -122.516585 | 55.925000000000004
 45.595685 |  -122.51812 | 55.925000000000004
   45.5961 | -122.519648 | 55.925000000000004
 45.594697 | -122.505518 |             11.185
 45.594552 | -122.505275 |              8.948
   45.5945 | -122.505193 |              2.237
  45.59441 | -122.504897 |              6.711
 45.594268 | -122.504618 |             11.185
 45.594183 | -122.504303 |             11.185
 45.594105 |  -122.50411 |              8.948
  45.59366 | -122.504097 |              22.37
 45.593098 | -122.504152 |             26.844
 45.592625 | -122.504687 |             31.318
 45.592587 | -122.505698 |             35.792
 45.592838 | -122.506827 | 40.266000000000005
 45.593118 | -122.508093 | 46.977000000000004
 45.593458 | -122.509508 |             51.451
 45.593833 | -122.511018 |             53.688
 45.594217 |  -122.51255 | 55.925000000000004
 45.594592 | -122.514047 |             53.688
  45.59499 | -122.515533 |             53.688
  45.59539 |  -122.51702 |             53.688
 45.595802 |  -122.51852 | 55.925000000000004
 45.596212 |  -122.52003 | 55.925000000000004
 45.596632 | -122.521565 | 55.925000000000004
 45.597052 | -122.523102 | 55.925000000000004
  45.59746 | -122.524652 | 55.925000000000004
 45.597835 | -122.526223 | 55.925000000000004
 45.598218 | -122.527835 | 58.162000000000006
  45.59861 | -122.529477 |             60.399
    45.599 |  -122.53112 | 58.162000000000006
 45.599392 | -122.532762 | 58.162000000000006
  45.59979 | -122.534418 |             60.399
 45.600192 | -122.536107 |             60.399
 45.600597 | -122.537808 |             62.636
 45.601003 | -122.539518 |             60.399
 45.601433 | -122.541188 |             60.399
 45.601872 |   -122.5428 | 58.162000000000006
 45.602287 | -122.544363 | 55.925000000000004
 45.602657 | -122.545905 | 55.925000000000004
 45.603022 | -122.547433 |             53.688
  45.60338 | -122.548938 |             53.688
 45.603732 |   -122.5504 |             51.451
 45.604085 | -122.551767 |             49.214
 45.604367 | -122.552905 | 40.266000000000005
 45.604618 | -122.553775 |             31.318
 45.605098 | -122.554178 |             24.607
 45.605667 | -122.553958 | 29.081000000000003
  45.60589 | -122.553177 | 29.081000000000003
 45.605553 | -122.552435 |             31.318
  45.60487 | -122.552127 |             35.792
 45.604045 | -122.551908 | 40.266000000000005
 45.603098 | -122.551717 | 46.977000000000004
 45.602067 |  -122.55149 |             51.451
 45.600985 | -122.551308 |             53.688
  45.59988 |  -122.55112 |             53.688
 45.598745 | -122.550852 | 55.925000000000004
  45.59757 | -122.550513 | 58.162000000000006
  45.59641 | -122.550132 | 58.162000000000006
  45.59527 | -122.549695 | 58.162000000000006
 45.594163 | -122.549212 | 55.925000000000004
 45.593082 | -122.548668 | 55.925000000000004
 45.592002 |  -122.54807 | 55.925000000000004
 45.590928 | -122.547415 | 55.925000000000004
  45.58987 | -122.546758 | 55.925000000000004
 45.588822 | -122.546117 | 55.925000000000004
  45.58778 |  -122.54549 |             53.688
 45.586725 | -122.544945 |             53.688
 45.585647 |   -122.5445 |             53.688
  45.58456 |  -122.54417 |             53.688
 45.583473 | -122.543952 |             53.688
 45.582375 | -122.543848 |             53.688
 45.581272 | -122.543848 |             53.688
 45.580165 |  -122.54396 |             53.688
  45.57796 |  -122.54453 |             53.688
 45.576878 | -122.544982 |             53.688
  45.57584 | -122.545537 |             53.688
 45.574853 | -122.546178 |             51.451
 45.573903 | -122.546917 |             51.451
 45.572983 | -122.547762 |             53.688
 45.572102 | -122.548713 |             53.688
 45.571255 | -122.549777 |             53.688
 45.570415 |  -122.55089 | 55.925000000000004
 45.569575 | -122.552017 | 55.925000000000004
 45.568737 |  -122.55315 | 55.925000000000004
   45.5679 | -122.554275 | 55.925000000000004
 45.567078 | -122.555382 |             53.688
 45.566283 | -122.556488 |             53.688
 45.565485 | -122.557543 |             53.688
 45.564703 | -122.558577 |             51.451
 45.563943 |  -122.55958 |             49.214
  45.56317 | -122.560608 |             51.451
  45.56239 | -122.561693 |             53.688
  45.56165 |  -122.56282 |             51.451
 45.560977 |  -122.56388 | 46.977000000000004
 45.560525 | -122.564695 |             33.555
 45.560578 |   -122.5654 |             24.607
    45.561 | -122.565645 |              22.37
 45.561165 |   -122.5656 |              4.474
  45.56117 | -122.565595 |                  0
 45.561188 | -122.565582 |                  0
 45.561263 |  -122.56549 |              4.474
 45.561228 | -122.565083 |             15.659
 45.561003 | -122.564448 |             24.607
  45.56072 | -122.563653 | 29.081000000000003
  45.56043 | -122.562932 |             26.844
 45.560202 | -122.562465 |             17.896
 45.560005 | -122.562078 |             15.659
 45.559758 | -122.561683 |             15.659
 45.559523 | -122.561677 |             11.185
 45.592678 | -122.504552 | 29.081000000000003
 45.592547 | -122.505475 |             33.555
 45.592765 |  -122.50652 |             38.029
 45.593023 | -122.507688 |             42.503
 45.593313 | -122.508973 | 46.977000000000004
 45.593645 | -122.510368 |             49.214
 45.594017 | -122.511832 |             53.688
 45.594403 |  -122.51332 |             53.688
 45.594792 | -122.514812 |             53.688
 45.595197 | -122.516312 | 55.925000000000004
  45.59561 | -122.517812 |             53.688
 45.596017 | -122.519303 |             53.688
 45.596428 | -122.520807 | 55.925000000000004
 45.596847 | -122.522345 | 55.925000000000004
 45.597268 | -122.523898 | 55.925000000000004
 45.597653 | -122.525447 | 55.925000000000004
 45.598015 | -122.526963 |             53.688
  45.59837 | -122.528455 |             53.688
 45.598722 | -122.529942 |             53.688
  45.59907 | -122.531398 |             51.451
 45.599415 |  -122.53284 |             51.451
  45.59977 |  -122.53433 |             53.688
 45.600138 | -122.535867 | 55.925000000000004
 45.600508 |  -122.53742 | 55.925000000000004
 45.600888 |  -122.53902 | 58.162000000000006
 45.601282 | -122.540607 | 58.162000000000006
  45.60169 | -122.542123 | 55.925000000000004
 45.602072 | -122.543527 |             51.451
 45.602422 | -122.544932 |             51.451
 45.602763 | -122.546358 |             51.451
 45.603445 | -122.549202 |             51.451
 45.603778 |  -122.55058 |             49.214
 45.604122 | -122.551887 | 46.977000000000004
 45.604417 | -122.553112 |             42.503
 45.604827 | -122.554015 |             35.792
 45.605503 | -122.554103 |             33.555
 45.605883 | -122.553353 |             33.555
 45.605605 | -122.552483 |             33.555
 45.604897 | -122.552123 |             38.029
 45.604048 |  -122.55187 |             42.503
    45.602 | -122.551448 |             49.214
  45.60065 | -122.551212 | 55.925000000000004
 45.599533 | -122.551013 |             53.688
 45.598445 | -122.550763 |             53.688
 45.597385 | -122.550467 |             51.451
 45.596347 | -122.550125 |             51.451
 45.595305 | -122.549725 |             51.451
 45.594243 | -122.549262 |             53.688
  45.59317 | -122.548737 | 55.925000000000004
 45.592093 | -122.548142 | 55.925000000000004
  45.59103 | -122.547492 | 55.925000000000004
  45.58997 | -122.546842 | 55.925000000000004
 45.588932 | -122.546197 |             53.688
 45.587887 | -122.545567 | 55.925000000000004
 45.586812 |    -122.545 | 55.925000000000004
   45.5857 | -122.544533 | 55.925000000000004
 45.584565 | -122.544182 | 55.925000000000004
 45.583412 | -122.543953 | 55.925000000000004
 45.582255 | -122.543847 | 55.925000000000004
 45.581115 |  -122.54387 |  69.34700000000001
 45.580002 | -122.543995 |             53.688
 45.577865 | -122.544567 |             49.214
 45.576838 | -122.545002 |             51.451
 45.575825 | -122.545547 |             51.451
 45.574822 | -122.546198 |             53.688
 45.573835 | -122.546973 |             53.688
 45.572882 | -122.547867 | 55.925000000000004
  45.57197 | -122.548867 | 55.925000000000004
 45.571108 | -122.549963 | 55.925000000000004
 45.570265 | -122.551095 | 55.925000000000004
 45.569427 | -122.552213 | 55.925000000000004
 45.568608 | -122.553322 | 55.925000000000004
   45.5678 | -122.554412 |             53.688
 45.566993 | -122.555495 |             53.688
   45.5662 | -122.556592 |             53.688
 45.565397 | -122.557655 |             53.688
 45.564593 | -122.558707 |             53.688
 45.563792 | -122.559763 |             53.688
 45.562988 | -122.560833 |             53.688
 45.562213 |  -122.56194 |             53.688
 45.561512 | -122.563032 |             49.214
 45.560882 | -122.564017 |              44.74
 45.560492 |  -122.56485 |             33.555
 45.560702 | -122.565527 |             24.607
 45.561122 | -122.565618 | 20.133000000000003
 45.561263 | -122.565508 |              6.711
 45.561302 |  -122.56523 |              8.948
 45.561117 | -122.564718 | 20.133000000000003
 45.560857 | -122.563993 |             26.844
 45.560557 | -122.563175 |             31.318
 45.560213 | -122.562427 | 29.081000000000003
 45.559913 | -122.561897 |              22.37
 45.559772 | -122.561678 |              8.948
 45.559612 | -122.561628 |              6.711
 45.559307 | -122.561887 |             17.896
 45.559035 |  -122.56239 |              22.37
 45.558815 | -122.563007 |              22.37
 45.558652 | -122.563477 |             15.659
 45.558543 | -122.563758 |              8.948
 45.558505 | -122.563848 |              2.237
 45.570642 | -122.550585 |             49.214
 45.569933 | -122.551543 | 46.977000000000004
  45.56919 | -122.552542 |             49.214
 45.568412 | -122.553593 |             51.451
 45.567597 | -122.554685 |             53.688
 45.566777 |   -122.5558 |             53.688
 45.565967 | -122.556907 |             60.399
  45.56516 |  -122.55798 |              44.74
 45.564365 | -122.559035 |             64.873
 45.563572 | -122.560085 |             53.688
  45.56278 | -122.561152 |             53.688
 45.562018 | -122.562262 |             53.688
 45.561308 | -122.563367 |             51.451
  45.56072 | -122.564282 | 40.266000000000005
 45.560497 |  -122.56507 | 29.081000000000003
 45.560842 | -122.565613 |             26.844
 45.561215 | -122.565555 |             17.896
 45.561283 | -122.565477 |              2.237
 45.561297 | -122.565175 |             11.185
 45.561115 | -122.564687 |             17.896
 45.560867 | -122.563997 |             26.844
  45.56057 | -122.563198 | 29.081000000000003
 45.560248 |   -122.5625 |             26.844
 45.559975 | -122.561997 | 20.133000000000003
 45.559812 | -122.561732 |             11.185
 45.559793 | -122.561698 |                  0
 45.559738 | -122.561635 |              2.237
 45.559523 | -122.561707 |             11.185
 45.559175 | -122.562072 | 20.133000000000003
 45.558928 |  -122.56272 |             24.607
 45.558663 | -122.563457 |             26.844
 45.558388 | -122.564198 |             26.844
 45.558133 |  -122.56485 |             24.607
 45.558093 |  -122.56524 |             11.185
 45.558313 | -122.565253 |             11.185
  45.55852 |  -122.56495 |             13.422
  45.55869 | -122.564662 |             11.185
 45.558768 | -122.564245 |              6.711
 45.558595 | -122.564153 |              8.948
 45.558503 |   -122.5641 |                  0
  45.55837 | -122.563868 |              8.948
 45.558573 |  -122.56329 | 20.133000000000003
 45.558827 | -122.562648 |             24.607
 45.559055 | -122.562073 | 20.133000000000003
 45.559317 | -122.561748 |             15.659
 45.559505 | -122.561585 |              8.948
 45.559772 | -122.561325 |             15.659
 45.560247 | -122.560988 |             26.844
 45.560922 | -122.560915 |             33.555
 45.561722 |  -122.56087 |             38.029
 45.562503 |  -122.56041 | 40.266000000000005
 45.563185 | -122.559627 |             42.503
  45.56389 | -122.558752 |              44.74
 45.564637 | -122.557798 |             49.214
 45.565422 | -122.556763 |             51.451
  45.56623 | -122.555688 |             53.688
 45.567038 |  -122.55462 |             53.688
 45.567853 | -122.553543 |             53.688
 45.568688 | -122.552442 | 55.925000000000004
 45.569533 | -122.551322 | 55.925000000000004
 45.570412 | -122.550182 | 58.162000000000006
   45.5713 | -122.549083 | 58.162000000000006
 45.572197 |  -122.54808 | 55.925000000000004
  45.57314 |  -122.54714 | 55.925000000000004
 45.574145 | -122.546302 | 55.925000000000004
 45.575177 | -122.545578 | 55.925000000000004
  45.57623 | -122.544903 | 55.925000000000004
 45.577312 | -122.544375 | 55.925000000000004
 45.578445 | -122.543965 | 55.925000000000004
 45.579613 | -122.543668 | 58.162000000000006
 45.580802 | -122.543498 | 58.162000000000006
 45.581992 |  -122.54346 | 58.162000000000006
 45.583182 | -122.543528 | 58.162000000000006
 45.584382 | -122.543743 | 58.162000000000006
 45.585553 | -122.544085 | 58.162000000000006
  45.58668 | -122.544535 | 55.925000000000004
 45.587763 |  -122.54509 | 55.925000000000004
  45.58883 | -122.545715 | 55.925000000000004
 45.589883 | -122.546368 | 55.925000000000004
 45.590937 | -122.547015 | 55.925000000000004
 45.591987 | -122.547658 | 55.925000000000004
 45.593045 | -122.548252 | 55.925000000000004
 45.594107 | -122.548788 |             53.688
 45.595162 |  -122.54926 |             53.688
 45.596213 | -122.549673 |             53.688
  45.59728 | -122.550033 |             53.688
 45.598365 | -122.550343 |             53.688
 45.599448 | -122.550603 |             53.688
 45.601633 | -122.550973 |             51.451
 45.602695 | -122.551127 |             51.451
 45.603703 | -122.551228 |             49.214
  45.60455 |  -122.55132 | 40.266000000000005
 45.605245 | -122.551295 |             33.555
 45.605625 | -122.550658 | 29.081000000000003
 45.605395 | -122.549812 |             31.318
 45.604715 | -122.549228 |             38.029
  45.60385 | -122.548845 |              44.74
  45.60296 | -122.548493 |              44.74
 45.602313 | -122.547668 |             42.503
   45.6021 | -122.546437 |              44.74
 45.601752 | -122.543617 |             49.214
  45.60143 |  -122.54213 |             53.688
 45.601093 |  -122.54058 | 55.925000000000004
 45.600727 | -122.538982 | 58.162000000000006
 45.600343 | -122.537325 |             60.399
 45.599955 | -122.535655 |             60.399
 45.599567 |  -122.53404 | 58.162000000000006
 45.587318 | -122.545257 | 55.925000000000004
 45.586195 | -122.544725 | 58.162000000000006
 45.585038 | -122.544307 | 58.162000000000006
 45.583872 | -122.544028 | 58.162000000000006
 45.582698 | -122.543875 | 55.925000000000004
  45.58151 |  -122.54385 | 58.162000000000006
 45.580328 | -122.543948 | 58.162000000000006
 45.579177 |  -122.54417 | 55.925000000000004
 45.578055 | -122.544503 | 55.925000000000004
 45.576977 | -122.544942 |             53.688
 45.575942 | -122.545482 |             53.688
 45.574932 | -122.546127 |             53.688
 45.573947 | -122.546885 |             53.688
 45.572988 | -122.547762 | 55.925000000000004
 45.572068 | -122.548755 | 55.925000000000004
 45.571202 | -122.549848 | 55.925000000000004
 45.570353 | -122.550988 | 55.925000000000004
 45.569493 | -122.552142 | 58.162000000000006
 45.568643 | -122.553283 | 55.925000000000004
 45.567812 | -122.554402 | 55.925000000000004
  45.56697 |  -122.55552 | 55.925000000000004
 45.566138 | -122.556638 | 55.925000000000004
 45.565332 | -122.557758 |             53.688
  45.56452 | -122.558825 |             53.688
 45.563722 | -122.559875 |             53.688
 45.562932 | -122.560928 |             51.451
 45.562168 |  -122.56202 |             51.451
 45.561452 | -122.563135 |             51.451
 45.560702 | -122.564305 |             42.503
 45.560488 | -122.565153 |             31.318
 45.560873 | -122.565643 |             26.844
 45.561283 | -122.565457 |             15.659
 45.561232 | -122.565057 |             15.659
 45.561003 | -122.564438 |             24.607
 45.560725 | -122.563662 | 29.081000000000003
 45.560338 | -122.562693 |             31.318
  45.56001 | -122.562083 |             24.607
 45.559823 |  -122.56178 |             11.185
 45.559778 | -122.561708 |              2.237
 45.559777 | -122.561705 |                  0
 45.559668 | -122.561627 |              6.711
   45.5594 | -122.561827 |             15.659
 45.559097 | -122.562268 |              22.37
  45.55887 | -122.562942 |              22.37
 45.558597 | -122.563677 |             26.844
 45.558322 | -122.564392 |             26.844
 45.558082 | -122.564985 | 29.081000000000003
 45.558115 | -122.565297 |              8.948
 45.558373 | -122.565147 |             13.422
 45.558598 | -122.564852 |             13.422
 45.558723 |  -122.56464 |              6.711
 45.558775 | -122.564283 |              6.711
 45.558612 |  -122.56418 |              8.948
 45.558532 | -122.564133 |              2.237
 45.558423 | -122.563993 |                  0
 45.558455 | -122.563593 |             13.422
 45.558678 |  -122.56306 | 20.133000000000003
   45.5589 | -122.562475 |              22.37
 45.559138 | -122.561927 | 20.133000000000003
 45.559443 | -122.561648 |             15.659
  45.55957 | -122.561547 |              4.474
 45.559658 | -122.561447 |                  0
 45.559962 |  -122.56114 |             17.896
 45.560502 | -122.560912 |             26.844
 45.561223 | -122.560898 |             35.792
 45.562037 | -122.560723 | 40.266000000000005
 45.562762 | -122.560113 | 40.266000000000005
  45.56342 | -122.559317 | 40.266000000000005
 45.564063 | -122.558507 |             42.503
 45.564687 | -122.557688 | 40.266000000000005
 45.565367 |  -122.55684 |              44.74
   45.5661 | -122.555882 |             49.214
 45.566883 | -122.554842 |             51.451
 45.567693 | -122.553772 |             53.688
 45.568507 | -122.552705 |             53.688
 45.569333 |  -122.55161 |             53.688
  45.57018 | -122.550495 | 55.925000000000004
 45.571038 | -122.549415 | 55.925000000000004
 45.571908 | -122.548402 |             53.688
 45.572822 |  -122.54745 | 55.925000000000004
 45.573772 | -122.546602 |             53.688
 45.575793 | -122.545158 |             53.688
 45.576828 | -122.544597 |             53.688
 45.577882 |  -122.54416 |             53.688
 45.578952 | -122.543822 |             53.688
 45.580037 | -122.543595 |             53.688
 45.581135 | -122.543477 |             53.688
 45.582252 | -122.543458 |             53.688
 45.583373 | -122.543557 |             53.688
 45.584505 | -122.543775 |             33.555
 45.585622 | -122.544105 | 55.925000000000004
 45.586705 | -122.544547 | 55.925000000000004
 45.587748 |  -122.54508 |             53.688
 45.588758 |  -122.54567 |             53.688
  45.58975 | -122.546282 |             51.451
 45.590732 | -122.546887 |             51.451
 45.591707 | -122.547488 |             51.451
  45.59268 | -122.548048 |             51.451
 45.593648 | -122.548557 |             49.214
 45.594608 |  -122.54902 |             49.214
 45.595572 | -122.549425 |             49.214
  45.59654 | -122.549785 |             49.214
 45.597522 | -122.550105 |             49.214
 45.598527 | -122.550385 |             49.214
 45.599562 | -122.550622 |             51.451
 45.601655 | -122.550972 |             51.451
 45.602675 | -122.551113 |             49.214
 45.603627 | -122.551212 |              44.74
 45.604465 | -122.551298 | 40.266000000000005
 45.605132 | -122.551327 |             31.318
  45.60559 | -122.550823 | 29.081000000000003
 45.605498 | -122.549962 |             31.318
 45.604887 | -122.549327 |             38.029
  45.60404 | -122.548908 |              44.74
 45.603132 | -122.548573 |              44.74
 45.602412 | -122.547872 |             42.503
 45.602123 | -122.546723 |             42.503
 45.601825 | -122.543822 | 46.977000000000004
  45.60149 | -122.542295 |             53.688
 45.601133 |  -122.54074 | 55.925000000000004
 45.600783 | -122.539167 | 55.925000000000004
 45.600412 | -122.537587 | 55.925000000000004
 45.600037 | -122.536017 | 55.925000000000004
 45.599667 | -122.534465 | 55.925000000000004
 45.599302 |  -122.53292 | 55.925000000000004
 45.598933 |  -122.53138 | 55.925000000000004
 45.598555 | -122.529805 | 55.925000000000004
 45.598175 |   -122.5282 | 58.162000000000006
 45.597798 |  -122.52661 | 55.925000000000004
 45.597423 | -122.525047 | 55.925000000000004
 45.597035 | -122.523512 | 55.925000000000004
 45.596617 | -122.521992 | 55.925000000000004
 45.596205 | -122.520485 | 55.925000000000004
   45.5958 | -122.518992 |             53.688
 45.595393 | -122.517517 |             53.688
 45.594987 | -122.516037 |             53.688
 45.594582 | -122.514543 |             53.688
 45.594175 | -122.513038 |             53.688
 45.593758 | -122.511557 |             53.688
 45.593337 | -122.510195 |             49.214
 45.592942 | -122.508938 | 46.977000000000004
 45.592567 | -122.507752 |              44.74
  45.59212 | -122.506655 |             42.503
 45.591622 | -122.505658 | 40.266000000000005
 45.591275 | -122.504898 | 29.081000000000003
 45.591158 | -122.504432 |             15.659
 45.591138 | -122.504227 |              6.711
 45.591137 | -122.504165 |              2.237
 45.591187 | -122.503898 |              8.948
 45.591453 | -122.503775 |             13.422
 45.591882 | -122.503875 |              22.37
 45.592403 | -122.503895 |             24.607
 45.592968 | -122.503868 |             26.844
  45.59352 | -122.503878 |             26.844
 45.593957 | -122.503915 | 20.133000000000003
 45.594132 | -122.503907 |              6.711
 45.594148 |   -122.5039 |                  0
 45.594273 | -122.504013 |              6.711
 45.594242 | -122.504373 |             11.185
 45.594135 | -122.504725 |             13.422
 45.594192 |  -122.50505 |             11.185
 45.594313 | -122.505347 |             11.185
  45.59444 | -122.505653 |             11.185
 45.594568 | -122.505965 |             11.185
 45.594737 | -122.506198 |             11.185
 45.594922 | -122.506078 |              8.948
 45.594855 | -122.505802 |              8.948
 45.594703 | -122.505532 |             11.185
 45.594563 | -122.505313 |              8.948
 45.594503 | -122.505215 |              2.237
 45.594362 | -122.504768 |             11.185
 45.594228 | -122.504407 |             13.422
 45.594083 | -122.504133 |             11.185
 45.593725 | -122.504117 |             17.896
  45.59319 |  -122.50414 |             26.844
 45.592675 | -122.504563 | 29.081000000000003
 45.592543 | -122.505478 |             33.555
 45.592767 | -122.506522 |             38.029
 45.593025 | -122.507703 |             42.503
 45.593315 | -122.509023 | 46.977000000000004
  45.59366 | -122.510438 |             51.451
  45.59404 | -122.511925 |             53.688
 45.594427 | -122.513433 |             53.688
 45.594832 | -122.514958 | 55.925000000000004
 45.595252 | -122.516507 | 55.925000000000004
 45.595682 | -122.518085 | 58.162000000000006
 45.596118 | -122.519675 | 58.162000000000006
 45.596553 |  -122.52127 | 58.162000000000006
 45.596982 | -122.522842 | 58.162000000000006
 45.597392 | -122.524387 |             51.451
 45.597765 | -122.525942 | 55.925000000000004
 45.598133 | -122.527512 | 55.925000000000004
 45.598508 | -122.529068 | 55.925000000000004
 45.598878 | -122.530618 | 55.925000000000004
 45.599242 | -122.532147 | 55.925000000000004
 45.599605 | -122.533658 |             53.688
 45.599965 | -122.535165 |             53.688
 45.600322 | -122.536672 |             53.688
  45.60068 | -122.538187 |             53.688
 45.601053 | -122.539737 | 55.925000000000004
 45.601448 | -122.541258 | 55.925000000000004
 45.601852 | -122.542742 |             53.688
 45.602243 | -122.544208 |             53.688
 45.602597 | -122.545678 |             53.688
  45.60294 | -122.547133 |             51.451
 45.603283 |  -122.54857 |             51.451
 45.603615 | -122.549973 |             51.451
 45.603953 | -122.551312 | 46.977000000000004
 45.604263 |  -122.55252 |             42.503
 45.604523 | -122.553537 |             35.792
 45.605025 | -122.554138 |             31.318
 45.605632 | -122.553973 |             31.318
 45.605885 | -122.553185 | 29.081000000000003
 45.605533 | -122.552405 |             33.555
 45.604832 | -122.552102 |             35.792
 45.604002 | -122.551848 | 40.266000000000005
 45.603052 |  -122.55166 | 46.977000000000004
 45.602023 | -122.551443 |             51.451
 45.600943 | -122.551248 |             51.451
 45.599842 | -122.551065 |             53.688
 45.598742 | -122.550828 |             53.688
  45.59766 | -122.550538 |             53.688
  45.59659 | -122.550198 |             53.688
  45.59553 | -122.549805 |             53.688
 45.594483 | -122.549358 |             53.688
 45.593445 | -122.548867 |             53.688
 45.592413 | -122.548312 |             53.688
 45.591375 | -122.547695 |             53.688
 45.590317 | -122.547042 | 55.925000000000004
 45.589232 |  -122.54637 | 58.162000000000006
 45.588143 |  -122.54571 | 58.162000000000006
  45.58703 | -122.545102 | 58.162000000000006
  45.58589 | -122.544595 | 58.162000000000006
 45.584718 | -122.544213 | 58.162000000000006
 45.583545 |  -122.54396 | 58.162000000000006
 45.582372 | -122.543848 | 55.925000000000004
  45.58123 | -122.543858 | 55.925000000000004
 45.580107 | -122.543975 |             53.688
 45.577885 | -122.544558 |             53.688
 45.576842 | -122.545002 |             53.688
 45.575845 | -122.545535 |             51.451
 45.574883 |  -122.54616 |             51.451
 45.573947 | -122.546882 |             51.451
  45.57304 | -122.547712 |             51.451
  45.57217 | -122.548642 |             51.451
 45.571352 | -122.549648 |             51.451
 45.570568 | -122.550695 |             51.451
  45.56978 |  -122.55176 |             53.688
 45.568958 |  -122.55286 |             53.688
 45.568127 | -122.553985 | 55.925000000000004
 45.567282 | -122.555108 | 55.925000000000004
 45.566457 | -122.556235 | 55.925000000000004
 45.565627 | -122.557357 | 55.925000000000004
  45.56481 | -122.558433 |             53.688
  45.56401 |  -122.55949 |             53.688
  45.56321 | -122.560547 |             53.688
 45.562432 | -122.561632 |             53.688
 45.561697 | -122.562743 |             51.451
 45.561068 | -122.563733 |              44.74
   45.5606 | -122.564505 |             33.555
 45.560542 | -122.565293 |             26.844
 45.560988 | -122.565643 |             24.607
  45.56125 | -122.565525 |             11.185
 45.561313 | -122.565378 |              6.711
 45.561192 |  -122.56493 |             17.896
 45.560948 | -122.564262 |             24.607
  45.56066 | -122.563467 | 29.081000000000003
 45.560338 | -122.562687 | 29.081000000000003
 45.559987 | -122.562027 |              22.37
   45.5598 | -122.561732 |             11.185
 45.559728 | -122.561642 |              4.474
 45.559513 | -122.561698 |             11.185
 45.559227 | -122.561968 |             17.896
  45.55898 |  -122.56251 |              22.37
 45.558725 | -122.563218 |             26.844
 45.558457 | -122.563942 |             26.844
  45.55821 | -122.564597 |             24.607
 45.558047 | -122.565042 |             15.659
 45.558072 | -122.565263 |              8.948
 45.558325 | -122.565148 |             11.185
 45.558552 |  -122.56486 |             13.422
 45.558697 | -122.564618 |              8.948
 45.558705 | -122.564232 |              4.474
 45.558573 | -122.564162 |              6.711
  45.55855 |  -122.56415 |              2.237
 45.558548 | -122.564148 |                  0
 45.558548 | -122.564148 |                  0
  45.55854 |  -122.56414 |                  0
 45.558518 | -122.564125 |                  0
 45.558518 | -122.564125 |                  0
  45.55849 |   -122.5641 |              2.237
 45.558392 |    -122.564 |              4.474
 45.558413 | -122.563667 |             11.185
 45.558613 | -122.563132 | 20.133000000000003
  45.55886 | -122.562493 |             24.607
 45.559093 | -122.561948 | 20.133000000000003
 45.559385 | -122.561663 |             15.659
 45.559538 | -122.561538 |              6.711
 45.559568 | -122.561507 |                  0
 45.559763 | -122.561318 |             11.185
 45.560208 | -122.561003 |             24.607
 45.560887 | -122.560932 |             33.555
 45.561713 | -122.560872 | 40.266000000000005
 45.562532 | -122.560378 |             42.503
 45.563235 | -122.559558 |              44.74
 45.563968 | -122.558663 | 46.977000000000004
 45.564727 | -122.557685 |             49.214
   45.5655 | -122.556658 |             51.451
  45.56629 | -122.555612 |             51.451
 45.567088 | -122.554555 |             51.451
  45.56789 | -122.553497 |             53.688
   45.5687 | -122.552427 |             53.688
 45.569537 | -122.551317 | 55.925000000000004
 45.570395 | -122.550207 | 55.925000000000004
 45.571275 | -122.549117 | 55.925000000000004
 45.572185 | -122.548093 | 55.925000000000004
 45.573152 | -122.547132 | 58.162000000000006
 45.574192 | -122.546262 | 58.162000000000006
  45.57529 | -122.545503 | 58.162000000000006
 45.576407 | -122.544818 |             42.503
 45.577542 | -122.544287 | 58.162000000000006
 45.596517 | -122.521187 | 55.925000000000004
 45.596935 | -122.522732 | 55.925000000000004
 45.597353 | -122.524293 |             51.451
 45.597733 | -122.525845 |             62.636
 45.598095 | -122.527367 |             53.688
 45.598453 | -122.528855 |             49.214
 45.598808 | -122.530337 |             53.688
 45.599163 | -122.531818 |             53.688
  45.59952 | -122.533297 |             53.688
  45.59988 | -122.534803 |             53.688
  45.60025 | -122.536343 | 55.925000000000004
 45.600623 |  -122.53791 | 55.925000000000004
 45.600995 | -122.539463 | 55.925000000000004
 45.601382 | -122.540977 |             53.688
 45.601778 | -122.542462 |             53.688
 45.602172 | -122.543923 |             53.688
 45.602533 | -122.545397 |             53.688
 45.602878 | -122.546865 |             51.451
 45.603222 | -122.548308 |             51.451
 45.603557 | -122.549713 |             49.214
  45.60389 | -122.551063 |             49.214
 45.604222 | -122.552335 |              44.74
 45.604488 | -122.553417 |             38.029
 45.604973 |  -122.55411 |             33.555
 45.605622 |  -122.55399 |             33.555
 45.605883 | -122.553167 |             31.318
 45.605505 | -122.552403 |             33.555
 45.604817 | -122.552107 |             35.792
 45.604008 | -122.551863 | 40.266000000000005
 45.602042 | -122.551443 |             49.214
  45.60094 | -122.551248 |             53.688
 45.599817 | -122.551053 | 55.925000000000004
 45.598695 | -122.550815 |             53.688
 45.597585 | -122.550512 | 55.925000000000004
  45.59648 |  -122.55016 |             53.688
 45.595375 | -122.549743 | 55.925000000000004
 45.594268 | -122.549263 | 55.925000000000004
 45.593172 | -122.548727 | 55.925000000000004
 45.592082 | -122.548132 | 55.925000000000004
    45.591 | -122.547477 | 55.925000000000004
 45.589917 | -122.546803 | 58.162000000000006
 45.588828 | -122.546135 | 58.162000000000006
 45.587747 | -122.545487 | 55.925000000000004
 45.586633 | -122.544918 | 58.162000000000006
 45.585483 | -122.544457 | 58.162000000000006
 45.584305 | -122.544118 | 58.162000000000006
 45.583113 |  -122.54391 | 58.162000000000006
 45.581928 | -122.543835 | 58.162000000000006
 45.580782 | -122.543888 | 55.925000000000004
  45.57967 | -122.544053 |             53.688
 45.578587 | -122.544327 |             53.688
 45.577508 | -122.544713 |             53.688
  45.57645 | -122.545203 |             53.688
  45.57542 | -122.545802 |             53.688
 45.574397 | -122.546523 | 55.925000000000004
 45.573405 | -122.547365 | 55.925000000000004
 45.572458 |  -122.54832 | 55.925000000000004
 45.571563 | -122.549383 | 55.925000000000004
 45.570707 | -122.550515 | 55.925000000000004
 45.569862 |  -122.55165 | 55.925000000000004
 45.569035 | -122.552753 |             53.688
  45.56824 | -122.553822 |             53.688
 45.567492 | -122.554818 |             49.214
 45.566875 | -122.555638 | 40.266000000000005
  45.56629 | -122.556477 | 40.266000000000005
 45.565613 | -122.557377 |              44.74
 45.564883 |  -122.55834 |             49.214
 45.564117 | -122.559353 |             51.451
 45.563335 | -122.560385 |             51.451
 45.562567 | -122.561435 |             51.451
 45.561838 | -122.562527 |             51.451
 45.561158 | -122.563587 |             49.214
 45.560602 | -122.564463 |             38.029
  45.56051 | -122.565275 | 29.081000000000003
 45.560942 | -122.565645 |             24.607
 45.561195 | -122.565567 |             11.185
  45.56124 | -122.565515 |              2.237
 45.561257 | -122.565488 |                  0
 45.561295 |  -122.56538 |              4.474
 45.561203 | -122.564978 |             15.659
 45.560972 | -122.564322 |             24.607
  45.56068 | -122.563508 |             31.318
 45.560385 | -122.562815 |             24.607
 45.560217 |  -122.56248 |             11.185
 45.560077 | -122.562193 |             11.185
 45.559813 | -122.561745 |             15.659
 45.559557 | -122.561677 |              8.948
 45.559253 | -122.561942 |             17.896
 45.559005 | -122.562447 | 20.133000000000003
 45.558782 | -122.563068 |              22.37
 45.558573 | -122.563652 | 20.133000000000003
 45.558338 | -122.564272 |             26.844
 45.558118 | -122.564852 | 20.133000000000003
 45.558053 |  -122.56516 |             13.422
  45.55825 | -122.565252 |              8.948
 45.558483 | -122.564948 |             15.659
 45.558687 | -122.564638 |             13.422
 45.558673 | -122.564205 |              6.711
 45.558545 |  -122.56413 |              4.474
 45.558493 | -122.564092 |              2.237
  45.55838 | -122.563808 |             11.185
 45.558545 | -122.563342 |             17.896
 45.558812 |  -122.56267 |             26.844
 45.559053 | -122.562058 |              22.37
 45.559317 | -122.561732 |             15.659
 45.559493 | -122.561583 |              8.948
  45.55954 | -122.561542 |              2.237
 45.559552 | -122.561527 |                  0
  45.55957 | -122.561508 |                  0
  45.55957 | -122.561508 |                  0
  45.55957 | -122.561508 |                  0
 45.559615 | -122.561468 |              4.474
  45.55987 | -122.561228 |             15.659
  45.56036 | -122.560948 |             24.607
 45.561062 | -122.560917 |             24.607
 45.561892 | -122.560817 | 40.266000000000005
 45.562683 | -122.560223 |             42.503
 45.563402 |  -122.55936 |              44.74
 45.564157 | -122.558425 |             49.214
 45.564945 | -122.557403 |             51.451
 45.565768 | -122.556313 |             53.688
 45.566603 | -122.555217 |             53.688
 45.567435 |  -122.55412 | 55.925000000000004
 45.568278 |  -122.55301 | 55.925000000000004
  45.56913 | -122.551878 | 55.925000000000004
 45.570008 | -122.550728 | 58.162000000000006
 45.570913 | -122.549577 | 58.162000000000006
 45.571838 | -122.548487 | 58.162000000000006
 45.572783 | -122.547495 | 55.925000000000004
 45.573778 | -122.546603 | 55.925000000000004
 45.575917 | -122.545125 | 58.162000000000006
 45.577033 | -122.544513 | 58.162000000000006
 45.578183 | -122.544055 | 58.162000000000006
 45.579357 | -122.543727 | 58.162000000000006
 45.580547 |  -122.54353 | 58.162000000000006
 45.581748 | -122.543458 | 58.162000000000006
  45.58297 | -122.543505 |             60.399
 45.584198 | -122.543705 |             60.399
 45.585385 | -122.544023 | 58.162000000000006
 45.586533 | -122.544467 | 58.162000000000006
 45.587647 | -122.545023 | 58.162000000000006
 45.588733 | -122.545652 | 55.925000000000004
 45.589803 | -122.546313 | 55.925000000000004
 45.590868 | -122.546963 | 55.925000000000004
 45.591922 | -122.547612 | 55.925000000000004
  45.59298 | -122.548215 | 55.925000000000004
 45.594045 | -122.548755 | 55.925000000000004
 45.595117 | -122.549233 |             53.688
 45.596195 | -122.549657 |             53.688
 45.597277 |  -122.55003 |             53.688
 45.598375 | -122.550343 |             53.688
 45.599485 |   -122.5506 |             53.688
 45.601708 | -122.550978 |             53.688
 45.602783 | -122.551132 |             51.451
   45.6038 |  -122.55123 |             49.214
 45.604653 |  -122.55132 | 40.266000000000005
 45.605317 |  -122.55124 | 29.081000000000003
 45.605628 | -122.550502 |             33.555
 45.605283 |  -122.54968 |             31.318
 45.604537 |  -122.54912 | 40.266000000000005
 45.603635 | -122.548755 |              44.74
 45.602767 | -122.548337 |              44.74
 45.602218 | -122.547392 |             42.503
 45.602067 | -122.546133 |              44.74
 45.601928 | -122.544712 |             49.214
 45.601647 | -122.543198 |             53.688
 45.601317 | -122.541633 | 55.925000000000004
 45.600977 | -122.540063 | 55.925000000000004
 45.600623 | -122.538498 | 55.925000000000004
 45.600242 | -122.536917 | 58.162000000000006
 45.599857 |  -122.53531 | 58.162000000000006
 45.599478 | -122.533718 | 58.162000000000006
 45.599095 | -122.532138 | 55.925000000000004
 45.598722 | -122.530565 | 55.925000000000004
 45.598347 |    -122.529 | 55.925000000000004
 45.597973 | -122.527442 | 55.925000000000004
 45.597607 |  -122.52589 | 55.925000000000004
 45.597237 | -122.524362 | 55.925000000000004
 45.596828 | -122.522847 | 55.925000000000004
  45.59641 | -122.521315 | 55.925000000000004
 45.595993 | -122.519798 | 55.925000000000004
  45.59558 | -122.518272 | 55.925000000000004
 45.595162 | -122.516748 | 55.925000000000004
 45.594745 | -122.515227 | 55.925000000000004
 45.594333 | -122.513717 | 55.925000000000004
 45.593918 | -122.512222 |             53.688
 45.593485 | -122.510757 |             53.688
  45.59304 | -122.509338 |             53.688
  45.59263 | -122.508015 |             49.214
 45.592195 | -122.506853 |              44.74
 45.591722 | -122.505888 | 40.266000000000005
 45.591397 | -122.505233 |             26.844
 45.591278 | -122.504953 |              8.948
 45.591173 | -122.504583 |             13.422
  45.59113 | -122.504143 |             13.422
 45.591263 | -122.503808 |             13.422
 45.591608 | -122.503792 |             17.896
 45.592097 | -122.503857 |             24.607
 45.592652 | -122.503837 |             26.844
 45.593227 | -122.503847 |             26.844
 45.593743 | -122.503885 |             24.607
  45.59407 | -122.503907 |             13.422
  45.59414 | -122.503903 |              2.237
 45.594163 | -122.503902 |                  0
 45.594268 |  -122.50403 |              6.711
 45.594235 | -122.504362 |             11.185
 45.594128 | -122.504642 |              8.948
 45.594165 | -122.504977 |             11.185
 45.594295 | -122.505298 |             11.185
 45.594433 | -122.505622 |             11.185
 45.594565 | -122.505952 |             11.185
  45.59473 | -122.506213 |             11.185
  45.59492 | -122.506087 |              8.948
 45.594843 | -122.505802 |             11.185
 45.559192 | -122.561993 | 20.133000000000003
 45.558947 | -122.562568 |              22.37
 45.558707 | -122.563243 |             24.607
 45.558513 | -122.563787 | 20.133000000000003
 45.558302 |  -122.56434 |              22.37
  45.55809 |   -122.5649 | 20.133000000000003
 45.558057 |  -122.56522 |              8.948
 45.558233 | -122.565278 |              8.948
 45.558435 | -122.565035 |             13.422
  45.55863 | -122.564733 |             13.422
  45.55873 |  -122.56456 |              4.474
 45.558677 | -122.564212 |              6.711
 45.558543 | -122.564132 |              6.711
  45.55853 | -122.564118 |                  0
  45.55841 | -122.564017 |              6.711
 45.558393 | -122.563692 |             11.185
 45.558598 | -122.563173 | 20.133000000000003
  45.55886 |  -122.56251 |             24.607
 45.559105 |  -122.56194 |              22.37
 45.559398 | -122.561657 |             15.659
 45.559747 | -122.561343 | 20.133000000000003
 45.560227 | -122.560995 |             26.844
 45.560932 | -122.560935 |             33.555
 45.561768 | -122.560858 | 40.266000000000005
 45.562568 | -122.560357 |             42.503
 45.563253 | -122.559547 |             42.503
  45.56394 |  -122.55867 |              44.74
 45.564638 | -122.557788 | 55.925000000000004
 45.565378 | -122.556833 | 46.977000000000004
 45.566122 | -122.555853 |             49.214
  45.56691 | -122.554817 |             51.451
 45.567737 | -122.553723 |             53.688
 45.568608 | -122.552572 | 58.162000000000006
 45.569493 | -122.551398 | 58.162000000000006
 45.570392 |  -122.55023 | 58.162000000000006
 45.571283 |  -122.54913 | 55.925000000000004
 45.572158 | -122.548145 |             53.688
  45.57305 |  -122.54725 |             53.688
  45.57396 | -122.546455 |             51.451
 45.575863 |  -122.54511 |             51.451
 45.576865 | -122.544583 |             51.451
 45.577897 | -122.544158 |             51.451
 45.578945 | -122.543833 |             51.451
 45.580007 | -122.543608 |             51.451
  45.58108 | -122.543485 |             51.451
 45.582153 | -122.543465 |             51.451
 45.583223 | -122.543547 |             51.451
  45.58427 | -122.543723 |             51.451
  45.58528 | -122.543992 |             49.214
 45.586272 | -122.544357 |             49.214
  45.58724 | -122.544803 |             49.214
 45.588168 | -122.545317 |             49.214
 45.589098 | -122.545872 |             49.214
 45.590025 | -122.546447 |             49.214
  45.59096 | -122.547023 |             49.214
 45.591887 | -122.547592 |             49.214
  45.59284 |  -122.54814 |             49.214
 45.593805 | -122.548633 |             49.214
 45.594763 | -122.549077 |             49.214
 45.595747 | -122.549487 |             49.214
 45.596755 | -122.549853 |             51.451
   45.5978 | -122.550177 |             51.451
  45.59886 | -122.550455 |             51.451
 45.599923 | -122.550678 |             51.451
 45.601005 | -122.550865 |             53.688
 45.602112 | -122.551043 |             53.688
 45.603185 | -122.551175 |             51.451
 45.604175 | -122.551268 | 46.977000000000004
  45.60494 | -122.551343 |             35.792
 45.605452 | -122.551128 |             24.607
 45.605633 |  -122.55041 |             26.844
  45.60529 | -122.549687 |             31.318
 45.604622 | -122.549152 |             38.029
 45.603818 | -122.548817 | 40.266000000000005
  45.60299 | -122.548498 | 40.266000000000005
 45.602355 | -122.547752 | 40.266000000000005
 45.602105 | -122.546552 |             42.503
 45.601722 | -122.543503 |             53.688
 45.601388 | -122.541862 | 58.162000000000006
 45.601023 |  -122.54016 |             60.399
 45.600613 | -122.538425 |             62.636
 45.600195 | -122.536683 |             62.636
  45.59979 |    -122.535 |             60.399
 45.599393 |  -122.53335 | 58.162000000000006
 45.599002 | -122.531718 | 58.162000000000006
 45.598612 | -122.530088 | 58.162000000000006
  45.59822 | -122.528442 | 58.162000000000006
 45.597827 | -122.526792 | 58.162000000000006
  45.59744 | -122.525167 | 58.162000000000006
 45.597037 | -122.523583 | 58.162000000000006
 45.596615 | -122.522045 | 55.925000000000004
   45.5962 | -122.520527 | 55.925000000000004
 45.595787 | -122.519012 | 55.925000000000004
 45.595372 | -122.517493 | 55.925000000000004
 45.594952 | -122.515953 | 55.925000000000004
 45.594523 | -122.514385 | 58.162000000000006
 45.594087 | -122.512788 | 58.162000000000006
 45.593628 | -122.511192 |             53.688
  45.59317 | -122.509723 |             53.688
 45.592757 | -122.508418 |             49.214
 45.592387 | -122.507278 |             42.503
  45.59192 | -122.506278 | 40.266000000000005
 45.591528 | -122.505482 |             31.318
  45.59131 | -122.505023 |             17.896
 45.591228 | -122.504807 |              6.711
 45.591173 | -122.504597 |              6.711
  45.59113 | -122.504157 |             13.422
 45.591205 | -122.503817 |             11.185
 45.591502 | -122.503765 |             15.659
  45.59197 | -122.503857 |              22.37
 45.592522 | -122.503818 |             26.844
 45.593105 | -122.503827 |             26.844
 45.593655 | -122.503858 |             24.607
 45.594033 | -122.503897 |             17.896
 45.594132 |   -122.5039 |              2.237
 45.594132 |   -122.5039 |                  0
  45.59418 | -122.503907 |              4.474
  45.59428 |  -122.50401 |              6.711
 45.594257 | -122.504293 |              8.948
 45.594157 | -122.504553 |              8.948
 45.594125 | -122.504833 |              8.948
 45.594207 | -122.505103 |              8.948
 45.594322 | -122.505385 |             11.185
 45.594452 |  -122.50569 |             11.185
 45.594595 | -122.506008 |             11.185
 45.594747 | -122.506222 |              8.948
 45.594862 | -122.506235 |              4.474
 45.594923 | -122.506083 |              4.474
 45.594835 | -122.505832 |              8.948
 45.594688 | -122.505513 |             11.185
 45.594543 | -122.505252 |              8.948
 45.591178 | -122.504602 |              22.37
  45.59113 | -122.504277 |              8.948
 45.591128 |  -122.50418 |              2.237
  45.59113 | -122.504178 |                  0
  45.59115 | -122.503995 |              6.711
 45.591415 | -122.503778 |             15.659
  45.59186 | -122.503848 |             24.607
 45.592397 |  -122.50384 |             24.607
 45.592977 | -122.503838 |             31.318
 45.593542 | -122.503857 |             26.844
 45.593963 | -122.503897 | 20.133000000000003
 45.594128 | -122.503893 |              6.711
 45.594163 |  -122.50389 |                  0
 45.594287 | -122.504072 |              6.711
 45.594213 | -122.504428 |             13.422
 45.594133 | -122.504783 |             11.185
  45.59424 | -122.505128 |             11.185
 45.594375 | -122.505445 |             11.185
 45.594503 | -122.505755 |             11.185
 45.594618 | -122.506057 |             11.185
 45.594792 | -122.506233 |              8.948
  45.59493 | -122.506055 |              6.711
 45.594838 | -122.505783 |              8.948
 45.594698 | -122.505507 |             11.185
 45.594555 | -122.505262 |              8.948
 45.594515 | -122.505195 |              2.237
 45.594352 | -122.504698 |             11.185
 45.594228 | -122.504347 |             13.422
 45.594055 | -122.504102 |             11.185
 45.593625 | -122.504092 | 20.133000000000003
 45.593053 | -122.504167 |             26.844
 45.592613 | -122.504727 | 29.081000000000003
 45.592595 | -122.505712 |             33.555
 45.592843 | -122.506802 | 40.266000000000005
 45.593115 | -122.508048 |              44.74
 45.593425 | -122.509432 |             49.214
 45.593777 | -122.510882 |             51.451
 45.594138 |  -122.51236 |             53.688
 45.594513 | -122.513758 |             51.451
 45.594865 | -122.515062 | 46.977000000000004
 45.595215 | -122.516355 | 46.977000000000004
 45.595573 |  -122.51767 | 46.977000000000004
 45.595943 | -122.519023 |             49.214
 45.596323 | -122.520418 |             51.451
 45.596708 | -122.521835 |             51.451
 45.597105 | -122.523288 |             53.688
 45.597488 |  -122.52476 |             53.688
  45.59784 | -122.526242 |             53.688
 45.598195 | -122.527717 |             53.688
 45.598545 | -122.529163 |             51.451
 45.598878 | -122.530587 |             51.451
 45.599215 |  -122.53201 |             51.451
 45.599563 | -122.533468 |             51.451
 45.599907 | -122.534895 |             51.451
  45.60024 | -122.536282 |             49.214
 45.600568 |  -122.53767 |             49.214
 45.600907 |  -122.53908 |             49.214
 45.601233 |  -122.54042 |             49.214
 45.601572 | -122.541675 |              44.74
  45.60191 | -122.542923 |              44.74
 45.602247 | -122.544185 | 46.977000000000004
  45.60255 | -122.545443 |              44.74
 45.602838 |  -122.54667 |              44.74
 45.603123 | -122.547863 |             42.503
 45.603408 |  -122.54903 |             42.503
  45.60368 |  -122.55017 | 40.266000000000005
 45.603952 | -122.551262 |             38.029
  45.60421 | -122.552243 |             35.792
 45.604407 | -122.553035 |             26.844
  45.60462 | -122.553722 |             24.607
 45.605055 | -122.554153 |             24.607
 45.605578 | -122.554032 |             26.844
 45.605883 |  -122.55341 |             26.844
  45.60573 | -122.552638 |             26.844
  45.60515 | -122.552235 |             31.318
 45.604395 | -122.551998 |             38.029
 45.603518 | -122.551817 |             42.503
 45.602592 | -122.551635 |              44.74
 45.601633 | -122.551442 | 46.977000000000004
 45.600585 | -122.551255 |             51.451
 45.599455 | -122.551048 | 55.925000000000004
 45.598278 | -122.550767 | 58.162000000000006
 45.597092 | -122.550418 | 58.162000000000006
 45.595913 | -122.550002 | 58.162000000000006
 45.594777 | -122.549507 | 58.162000000000006
 45.593663 | -122.548987 | 55.925000000000004
 45.592547 |   -122.5484 | 58.162000000000006
 45.591435 | -122.547747 | 58.162000000000006
 45.590312 | -122.547043 |             60.399
 45.589162 | -122.546337 |             60.399
 45.587992 |  -122.54563 |             62.636
   45.5868 |  -122.54499 |             62.636
 45.585583 | -122.544497 |             60.399
 45.584365 | -122.544138 |             60.399
  45.58291 | -122.543902 | 58.162000000000006
  45.58172 |  -122.54385 | 58.162000000000006
 45.580557 | -122.543923 | 55.925000000000004
 45.579423 | -122.544115 | 55.925000000000004
 45.578323 |  -122.54441 |             53.688
 45.577235 | -122.544822 |             53.688
 45.576182 | -122.545343 |             53.688
 45.575163 |  -122.54596 |             53.688
 45.574153 | -122.546702 | 55.925000000000004
 45.573167 |  -122.54758 | 55.925000000000004
  45.57223 | -122.548555 | 55.925000000000004
  45.57138 | -122.549598 |             53.688
 45.622748 |  -122.60176 |             33.555
 45.623423 | -122.601573 |             33.555
 45.624143 | -122.601568 |             33.555
 45.624827 | -122.601573 |             33.555
 45.625485 | -122.601582 |             31.318
 45.626087 | -122.601595 | 29.081000000000003
 45.626493 |   -122.6016 |             17.896
 45.626615 | -122.601597 |              4.474
 45.626717 | -122.601587 |                  0
 45.627085 | -122.601585 |             17.896
 45.627642 | -122.601625 |             26.844
 45.628282 | -122.601643 |             31.318
 45.628922 | -122.601592 |             31.318
 45.629603 | -122.601527 |             33.555
  45.63031 | -122.601458 |             33.555
 45.631015 | -122.601372 |             33.555
  45.63176 | -122.601182 |             35.792
 45.632492 | -122.600882 |             35.792
 45.633218 | -122.600478 |             38.029
 45.633988 | -122.600148 |             38.029
 45.634762 | -122.600045 |             38.029
 45.635518 | -122.600065 |             35.792
 45.636173 | -122.600132 |             31.318
   45.6365 | -122.600135 |             13.422
(1566 rows)

